mention_pair,sentence1,sentence2,im_rationale,event_type1,event_type2,lemma1,lemma2,triger_1,trigger2,has_pron,within_doc,pos_tag1,pos_tag2,len_men1,len_men2,topic
"('45_7ecb.xml_47', '45_2ecb.xml_63')","Peterson , a 32-year-old fertilizer salesman from Modesto , showed no emotion , staring stonily at the jury box as the foreman announced a finding of first-degree murder in the death of Laci and <m> second-degree murder </m> in the death of their near-term son , whom the couple had named Conner .","On November 12 , a jury in Redwood City , California , convicted Scott Peterson of first-degree murder in the death of his wife , 23-year-old Laci , and <m> second-degree murder </m> in the death of his 8-month-old unborn son , whom the couple were planning to name Conner ."," As I read through both documents A and B, I notice that they share several common elements, including the name of the defendant, Scott Peterson, and the crimes he has been accused of, first-degree murder and second-degree murder. The documents also mention the victims, Laci and their near-term son Conner, who were killed.My inner monologue reasoning is as follows:* Both documents use the term ""second-degree murder"" to describe the crime committed against Laci and their unborn son Conner.* Both documents mention the name of the defendant, Scott Peterson, and the crimes he has been accused of, first-degree murder and second-degree murder.* Both documents mention the victims, Laci and their near-term son Conner, who were killed.* The language used in both documents is similar, indicating that they are referring to the same event.Based on my reasoning, I conclude that Documents A and B are referring to the same event, the murder of Laci and their near-term son Conner by Scott Peterson. The common context, actions, actors, objects, and locations mentioned in both documents suggest that they are referring to the same incident.For instance, both documents mention the name of the defendant, Scott Peterson, and the crimes he has been accused of, first-degree murder and second-degree murder. They also mention the victims, Laci and their near-term son Conner, who were killed. The language used in both documents is similar, indicating that they are referring to the same event.Therefore, I answer that Documents A and B are indeed talking about the same event, the murder of Laci and their near-term son Conner by Scott Peterson.",action_occurrence,action_occurrence,second-degree,second-degree,second-degree murder,second-degree murder,0,0,ADJ,ADJ,2,2,45
"('38_8ecbplus.xml_5', '38_7ecbplus.xml_4')",The <m> temblor </m> struck about 26 miles north of Santa Rosa in the Geysers area .,"The <m> temblor </m> struck at 2 : 09 a . m . and was centered in Geyserville , about 20 miles north of Santa Rosa , according to the U . S . Geological Survey ."," Okay, let's do this! Here's my inner monologue reasoning:Ah, I see! Both documents are referring to the same event, a temblor that occurred in the Geysers area, which is about 26 miles north of Santa Rosa. The trigger words in both documents are the same: <m> temblor </m>. This is a good sign that they are talking about the same event.Now, let me see if I can identify any common entities, actions, actors, objects, and locations between the two documents. Hmm...In document A, the entity being referred to is the ""Geysers area,"" which is a location. In document B, the entity being referred to is ""Geyserville,"" which is also a location, and is located about 20 miles north of Santa Rosa. So, these two locations are the same.Moving on to the actions, actors, and objects... In document A, there are no actions, actors, or objects mentioned. In document B, there is an action (the temblor struck at 2:09 a.m.) and an actor (the U.S. Geological Survey). So, these two documents are referring to the same event, but document B provides more details about the event.Now, let's look at the pronouns used in each document. In document A, there are no pronouns used. In document B, the pronoun ""it"" is used to refer to the temblor. Since both documents are referring to the same event, it's likely that the pronoun ""it"" is referring to the same event in both documents.Based on my reasoning, it seems that documents A and B are referring to the same event. The trigger words are the same, and the locations and times mentioned in each document match. The entities, actions, actors, and objects mentioned in each document are also consistent with the same event. Therefore, I conclude that the two documents are referring to the same event.",action_occurrence,action_occurrence,temblor,temblor,temblor,temblor,1,0,NOUN,NOUN,1,1,38
"('37_1ecb.xml_54', '37_1ecb.xml_53')","At least five people were killed , 250 others <m> injured </m> and more than 800 homes destroyed by those temblors , according to the UN .","Indonesia 's West Papua province was hit by a magnitude 6.1 earthquake today , the latest powerful tremor to shake the region where five people were killed and hundreds <m> injured </m> at the weekend when buildings were destroyed ."," Okay, let me see if I can do this. *thinks*First of all, both documents are talking about an earthquake and its aftermath, so that's a common thread. *writes down* Common context: earthquake.Now, let's look at the event-trigger words in each document:Document A: ""250 others <m> injured </m>""Document B: ""hundreds <m> injured </m>""Hmm, both documents mention injuries, but the number of people injured is different in each document. *thinks* Are these injuries related to the same event?Let's look at the actors involved:Document A: ""At least five people were killed...""Document B: ""Indonesia 's West Papua province was hit by a magnitude 6.1 earthquake today...""Okay, so both documents mention people being affected by the earthquake, but they're talking about different groups of people. *writes down* Actors: different.Next, let's look at the objects and locations involved:Document A: ""homes destroyed...""Document B: ""buildings were destroyed...""Both documents mention destruction of buildings or homes, but the location is different. *thinks* Are these locations related to the same event?Hmm, let me see... *thinks* Yes, I think I can conclude that these are two separate events, even though they're both earthquakes and involve injuries. The numbers of people injured and the locations affected are different in each document, so they're not referring to the same event.So, to answer your question, no, they are not talking about the same event. *smiles*",action_occurrence,action_occurrence,injure,injure,injured,injured,1,1,VERB,VERB,1,1,37
"('37_2ecbplus.xml_15', '37_1ecbplus.xml_48')","A powerful 6 . 1 - magnitude earthquake strikes the northern Indonesian province of Aceh , <m> killing </m> at least three people and injuring dozens more across the affected region .","A powerful earthquake in Indonesia's Aceh province flattened buildings and sparked landslides Tuesday , <m> killing </m> at least five people and injuring dozens in a region devastated by the quake - triggered tsunami of 2004 ."," Okay, let me think this through...Both documents are referring to the same event, which is a powerful earthquake that occurred in Indonesia's Aceh province. The trigger words in both documents are <m> killing </m>, which suggests that the focus of the articles is on the loss of life and damage caused by the earthquake.To determine whether the two events are the same, I need to identify the common context, actions, actors, objects, and locations mentioned in both documents. Here's what I found:Context: Both documents mention the northern Indonesian province of Aceh, which suggests that the earthquake occurred in the same region.Actions: Both documents mention the earthquake itself, which suggests that the focus is on the seismic activity that occurred in the region.Actors: The actors mentioned in both documents are:* People (injured and killed)* Buildings (flattened)* Landslides (sparked)* Tsunami (mentioned in Document B as a result of the earthquake in 2004)Objects: The objects mentioned in both documents are:* Earthquake* Buildings* Landslides* Tsunami (mentioned in Document B as a result of the earthquake in 2004)Locations: The locations mentioned in both documents are:* Aceh provinceBased on this analysis, it appears that the two documents are referring to the same event. The common context, actions, actors, objects, and locations mentioned in both documents suggest that the earthquake occurred in the northern Indonesian province of Aceh and caused damage, including killing and injuring people, flattening buildings, and sparking landslides. The mention of the 2004 tsunami in Document B further supports the conclusion that the two events are the same.Therefore, my decision is that Documents A and B are referring to the same event.",action_occurrence,action_occurrence,kill,kill,killing,killing,1,0,VERB,VERB,1,1,37
"('37_3ecbplus.xml_89', '37_1ecbplus.xml_48')",Soldiers and police are leading rescue operations in Indonesia after a 6 . 1 magnitude earthquake hit Aceh province leaving 24 <m> dead </m> and over 200 injured .,"A powerful earthquake in Indonesia's Aceh province flattened buildings and sparked landslides Tuesday , <m> killing </m> at least five people and injuring dozens in a region devastated by the quake - triggered tsunami of 2004 ."," Okay, let's analyze the documents A and B to determine if they are referring to the same event or not.Common context: Both documents mention Indonesia and Aceh province.Common actions: Both documents mention earthquakes, rescue operations, and casualties.Common actors: Both documents mention soldiers, police, and people (injured and killed).Common objects: Both documents mention buildings and landslides.Common locations: Both documents mention Aceh province.Now, let's analyze the event trigger words:Document A: ""24 <m> dead </m>""* The word ""dead"" is used to describe the number of people who have died in the earthquake.Document B: ""at least five <m> killing </m>""* The word ""killing"" is used to describe the number of people who have been killed in the earthquake.Based on the analysis above, it seems that the two documents are referring to the same event. The language used in both documents is similar, and the context, actions, actors, objects, and locations are the same. The event trigger words ""dead"" and ""killing"" are also similar, indicating that they are referring to the same event.Therefore, I conclude that documents A and B are referring to the same event, which is a powerful earthquake that occurred in Indonesia's Aceh province in 2023.",action_occurrence,action_occurrence,dead,kill,dead,killing,1,0,ADJ,ADJ,1,1,37
"('37_4ecbplus.xml_40', '37_14ecbplus.xml_12')","A 6 . 1 - magnitude earthquake which hit the Indonesian province of Aceh on Tuesday <m> killed </m> a child , injured dozens and destroyed buildings , sparking panic in a region devastated by the quake - triggered tsunami of 2004 .","A strong earthquake struck Indonesia's Aceh province on Tuesday , <m> killing </m> at least one person and leaving two others missing ."," Okay, let's dive into this inner monologue! ü§îAs I read through the two documents, I notice that they both refer to an earthquake that occurred in Indonesia's Aceh province on Tuesday. The trigger words ""killed"" and ""killing"" are used in both documents, which makes me think that they might be talking about the same event. ü§ùTo confirm this, I need to identify the common context, actions, actors, objects, and locations mentioned in both documents. Here's what I find:Context: Both documents mention the earthquake occurring in Aceh province on Tuesday. üìÜActions: The earthquake caused damage, injuries, and deaths in both documents. üí•Actors: The documents mention various actors, including children, dozens of people, and at least one person. üë•Objects: The documents mention buildings, which were destroyed or damaged in the earthquake. üè¢Locations: Both documents mention Aceh province, which is located in Indonesia. üáÆüá©Now that I've identified the common elements, I can reason that the two events are indeed the same event. The use of the same trigger words, ""killed"" and ""killing,"" in both documents suggests that they are referring to the same event. Additionally, the mention of Aceh province as the location of the event and the similarity in the language used in both documents further support this conclusion. üí°Therefore, I decide that Documents A and B are referring to the same event. üéâÔøΩÔ∏è ÔøΩÔøΩ ",action_occurrence,action_occurrence,kill,kill,killed,killing,1,0,VERB,VERB,1,1,37
"('37_7ecbplus.xml_16', '37_6ecbplus.xml_15')",At least 50 reported injured and buildings <m> destroyed </m> after a 6 . 1 magnitude earthquake strikes Sumatra's Aceh province .,"Rescue operations are under way after a 6 . 1 magnitude earthquake hit Indonesia's Aceh province , <m> flattening </m> houses and causing landslides ."," Okay, let me reason through this using chain-of-thought reasoning.* Common context: Both documents are talking about an earthquake that occurred in Indonesia's Aceh province.* Actions: Both documents mention the earthquake causing damage, with document A stating that buildings were ""destroyed"" and document B stating that houses were ""flattened.""* Actors: Both documents mention rescue operations being carried out, indicating that there are actors involved in the rescue efforts.* Objects: Both documents mention buildings and houses being affected by the earthquake.* Locations: Both documents mention Aceh province as the location where the earthquake occurred.Based on the above information, I can see that the entities referred to by the pronouns ""buildings"" and ""houses"" are likely the same. Both documents are referring to structures that were damaged or destroyed by the earthquake. Therefore, I conclude that the two events are the same event.The reasoning behind this decision is as follows:1. Common context: Both documents are talking about an earthquake that occurred in Aceh province, indicating that they are referring to the same event.2. Actions: Both documents mention the earthquake causing damage, which suggests that they are describing the same event.3. Actors: Both documents mention rescue operations being carried out, indicating that there are actors involved in the rescue efforts. This suggests that the events described in the two documents are related.4. Objects: Both documents mention buildings and houses being affected by the earthquake, which suggests that they are referring to the same structures.5. Locations: Both documents mention Aceh province as the location where the earthquake occurred, which further supports the conclusion that the two events are the same.In conclusion, based on the chain-of-thought reasoning, I have decided that the two events described in documents A and B are indeed the same event.",action_occurrence,action_occurrence,destroy,flatten,destroyed,flattening,1,0,VERB,VERB,1,1,37
"('37_9ecbplus.xml_25', '37_1ecbplus.xml_48')","A 6 . 1 - magnitude earthquake which hit the Indonesian province of Aceh on Tuesday <m> killed </m> at least one person , injured dozens and destroyed buildings , sparking panic in a region devastated by the quake - triggered tsunami of 2004 .","A powerful earthquake in Indonesia's Aceh province flattened buildings and sparked landslides Tuesday , <m> killing </m> at least five people and injuring dozens in a region devastated by the quake - triggered tsunami of 2004 ."," Okay, let's dive into this inner monologue! ü§îAs I read through both documents, I notice some common elements that can help me determine if they're referring to the same event. üí°Firstly, both documents mention the location of the event as Indonesia's Aceh province. üèõÔ∏è Secondly, both documents use the term ""earthquake"" to describe the event, which suggests that they're referring to the same type of occurrence. üåéNow, let's look at the event trigger words in each document:Document A: ""killed"" üíÄDocument B: ""killing"" üî™Hmm, interesting! Both documents use different verb tenses to describe the event. Document A uses the past tense (""killed"") to indicate that the event has already occurred, while Document B uses the present tense (""killing"") to suggest that the event is ongoing or has just happened. üï∞Ô∏èHowever, upon further inspection, I notice that both documents also mention a specific date for the event. Document A states that the earthquake occurred on Tuesday, while Document B mentions that the earthquake happened on Tuesday as well. üìÜSo, here's my decision:Based on the common location, type of event, and specific date mentioned in both documents, I believe that they're referring to the same earthquake event that occurred in Indonesia's Aceh province on Tuesday. üí•The entities mentioned in the documents are also consistent with each other. Both documents refer to people who were killed or injured in the earthquake, and both use pronouns such as ""at least one person"" and ""dozens"" to describe the number of individuals affected. ü§ùIn conclusion, after careful reasoning and analysis, I'm confident that Documents A and B are indeed referring to the same event: a powerful earthquake that occurred in Indonesia's Aceh province on Tuesday. üí™What do you think? ü§î",action_occurrence,action_occurrence,kill,kill,killed,killing,1,0,VERB,VERB,1,1,37
"('37_9ecbplus.xml_25', '37_2ecbplus.xml_15')","A 6 . 1 - magnitude earthquake which hit the Indonesian province of Aceh on Tuesday <m> killed </m> at least one person , injured dozens and destroyed buildings , sparking panic in a region devastated by the quake - triggered tsunami of 2004 .","A powerful 6 . 1 - magnitude earthquake strikes the northern Indonesian province of Aceh , <m> killing </m> at least three people and injuring dozens more across the affected region ."," Okay, let me use my inner monologue to decide whether the two events described in Documents A and B are the same event or not.At first glance, the trigger words ""killed"" and ""killing"" in both documents seem to indicate that they are referring to the same event. However, upon closer inspection, there are some differences in the language used that suggest they may be referring to different events.In Document A, the phrase ""hit the Indonesian province of Aceh on Tuesday"" implies that the earthquake occurred on a specific date and time, which is not explicitly mentioned in Document B. Additionally, the phrase ""sparking panic in a region devastated by the quake-triggered tsunami of 2004"" suggests that the earthquake and tsunami are related, but the same event is not explicitly mentioned in Document B.On the other hand, Document B does mention the magnitude of the earthquake, which is also mentioned in Document A. The use of the same magnitude value (6.1) suggests that the two events may be referring to the same earthquake.Another difference between the two documents is the number of people killed and injured. Document A mentions that at least one person was killed and dozens were injured, while Document B mentions that at least three people were killed and dozens more were injured. This discrepancy could suggest that the two events are not the same, but it's possible that the discrepancy is due to different sources or reporting methods.After carefully reasoning through the language and details used in both documents, I have decided that the two events are likely referring to the same earthquake. While there are some differences in the language used, the similarities in the magnitude of the earthquake and the location where it occurred suggest that the two documents are describing the same event.Therefore, my answer to the question is: Yes, Documents A and B are referring to the same event.",action_occurrence,action_occurrence,kill,kill,killed,killing,1,0,VERB,VERB,1,1,37
"('37_9ecbplus.xml_25', '37_3ecbplus.xml_88')","A 6 . 1 - magnitude earthquake which hit the Indonesian province of Aceh on Tuesday <m> killed </m> at least one person , injured dozens and destroyed buildings , sparking panic in a region devastated by the quake - triggered tsunami of 2004 .",Indonesia earthquake : 24 <m> dead </m> and over 200 injured as 6 . 1 magnitude quake hits Aceh province," Inner Monologue:As I read through the two documents, I notice several common elements that suggest they are referring to the same event. Firstly, both documents use the term ""earthquake"" to describe the event, which implies that they are referring to the same natural disaster. Additionally, both documents mention the location of the event as being in the Indonesian province of Aceh.Moving on to the event trigger words, both documents use the term ""killed"" in Document A and ""dead"" in Document B. However, upon closer inspection, I notice that the context in which these terms are used is slightly different. In Document A, the term ""killed"" is used to describe the death of at least one person, while in Document B, the term ""dead"" is used to describe the death of 24 people. This suggests that the event described in Document A may have resulted in fewer fatalities than the event described in Document B.Another common element I notice is the mention of a tsunami in both documents. While the term ""tsunami"" is not explicitly mentioned in both documents, the language used suggests that a tsunami may have been triggered by the earthquake. This further reinforces the idea that the two documents are referring to the same event.In terms of actors and objects, both documents mention the destruction of buildings and the injury of people, but I do not see any explicit mention of specific actors or objects involved in the event. However, given the context of the event, it is clear that the actors involved are likely to be the people who were in the affected area at the time of the earthquake.Finally, I notice that the language used in both documents is relatively straightforward and factual, without any obvious ambiguities or contradictions. This suggests that the two documents are likely to be referring to the same event, rather than different events.Based on my analysis, I conclude that the two documents are indeed referring to the same event. The common elements of the event trigger words, location, and mention of a tsunami all suggest that the two documents are describing the same natural disaster. While there are some minor differences in the language used, such as the use of the term ""killed"" versus ""dead,"" these differences can be explained by the different contexts in which the documents were written. Therefore, I answer that the two documents are referring to the same event.",action_occurrence,action_occurrence,kill,dead,killed,dead,1,0,VERB,VERB,1,1,37
"('37_9ecbplus.xml_25', '37_3ecbplus.xml_89')","A 6 . 1 - magnitude earthquake which hit the Indonesian province of Aceh on Tuesday <m> killed </m> at least one person , injured dozens and destroyed buildings , sparking panic in a region devastated by the quake - triggered tsunami of 2004 .",Soldiers and police are leading rescue operations in Indonesia after a 6 . 1 magnitude earthquake hit Aceh province leaving 24 <m> dead </m> and over 200 injured .," Okay, let me use my inner monologue to decide whether the two events described in Documents A and B are the same event or not.As I read through Document A, I notice that it mentions an earthquake that occurred in the Indonesian province of Aceh on Tuesday, which resulted in the death of at least one person, injury to dozens, and destruction of buildings. The language used in this document is quite specific and clear, with the event trigger words being ""killed"" and ""destroyed.""As I move on to Document B, I see that it also mentions an earthquake in Aceh province, but with some differences in the language used. Instead of ""killed,"" Document B uses the phrase ""24 dead"" to describe the number of people who lost their lives in the disaster. Additionally, the document mentions that over 200 people were injured.At this point, I start to think about the common context, actions, actors, objects, and locations mentioned in both documents. I see that both documents are referring to the same earthquake event in Aceh province, but there are some discrepancies in the language used. For instance, Document A uses the phrase ""at least one person killed"" while Document B states ""24 dead."" This could suggest that Document B is providing an update or a more recent account of the event, as the death toll may have increased since the time the first document was written.I also notice that both documents mention the same location (Aceh province) and the same type of disaster (earthquake). Additionally, both documents imply that the earthquake triggered a tsunami, which further supports the idea that they are referring to the same event.Based on my reasoning, I decide that Documents A and B are indeed referring to the same event. The differences in language use can be attributed to variations in reporting style or updates in information. The fact that both documents mention the same location, disaster type, and trigger words like ""killed"" and ""dead"" suggests that they are describing the same event.Therefore, I answer the question ""Are Documents A and B talking about the same event?"" with a resounding ""Yes.""",action_occurrence,action_occurrence,kill,dead,killed,dead,1,0,VERB,VERB,1,1,37
